1	Adidas	Men's Adivat M Running Shoes	4.0 out of 5 stars	(1,461)	1,161	₹2,699	(57% off)	https://m.media-amazon.com/images/I/71kfO4VXDFL._AC_UL320_.jpg	1	1
2	Adidas	Men's Clinch-X M Running Shoe	4.0 out of 5 stars	(3,580)	1,565	₹2,699	(42% off)	https://m.media-amazon.com/images/I/71sfbi31lhL._AC_UL320_.jpg	1	2
3	Adidas	Men's Agora 1.0 Multisport Training Shoes	3.8 out of 5 stars	(3,118)	2,989	₹4,599	(35% off)	https://m.media-amazon.com/images/I/813NbND5naL._AC_UL320_.jpg	1	3
4	Adidas	Mens Fluidglow M Running Shoes	4.0 out of 5 stars	(1,226)	2,149	₹4,299	(50% off)	https://m.media-amazon.com/images/I/71cFwyj2EJL._AC_UL320_.jpg	1	4
5	Adidas	Mens Yking 2.0 Running Shoe	4.1 out of 5 stars	(6,053)	2,144	₹3,299	(35% off)	https://m.media-amazon.com/images/I/71KBryMIlDL._AC_UL320_.jpg	1	5
6	Nike	Mens Downshifter 12 Running	4.1 out of 5 stars	(131)	3,195	₹3,995	(20% off)	https://m.media-amazon.com/images/I/51m6RrQjuLL._AC_UL320_.jpg	1	6
7	Adidas	Mens Adi Dash M Running Shoes	\N	\N	2,399	₹4,799	(50% off)	https://m.media-amazon.com/images/I/81biXgBHL8L._AC_UL320_.jpg	1	7
8	Adidas	Mens Drogo M Running Shoes	4.1 out of 5 stars	(10,221)	1,754	₹2,699	(35% off)	https://m.media-amazon.com/images/I/81Sg1ZrSCBL._AC_UL320_.jpg	1	8
9	Adidas	Womens Breezewalk W Walking Shoe	4.2 out of 5 stars	(12)	1,649	₹2,499	(34% off)	https://m.media-amazon.com/images/I/71JdwqTsGUL._AC_UL320_.jpg	1	9
10	Adidas	Mens Elate M Running Shoe	4.0 out of 5 stars	(3,887)	2,499	\N	\N	https://m.media-amazon.com/images/I/71+ckfM8L1L._AC_UL320_.jpg	1	10
11	Adidas	Mens Runmagica M Running Shoes	4.0 out of 5 stars	(809)	1,934	₹4,299	(55% off)	https://m.media-amazon.com/images/I/81DnsUczjTL._AC_UL320_.jpg	1	11
12	Nike	Mens Air Zoom Pegasus 38 Running Shoe	3.3 out of 5 stars	(928)	8,009	₹9,995	(20% off)	https://m.media-amazon.com/images/I/71VMNaPrzpL._AC_UL320_.jpg	1	12
13	Nike	Mens Revolution 6 Nn Running Shoe	4.2 out of 5 stars	(2,342)	2,399	₹3,695	(35% off)	https://m.media-amazon.com/images/I/81piWyfMXHL._AC_UL320_.jpg	1	13
14	Nike	Womens W Flex Experience Rn 11 Nn Running Shoe	4.2 out of 5 stars	(35)	2,789	₹4,995	(44% off)	https://m.media-amazon.com/images/I/710C08qI3SL._AC_UL320_.jpg	1	14
15	Nike	Men Flip Flops Thong Sandals	3.7 out of 5 stars	(10,366)	1,049	₹1,495	(30% off)	https://m.media-amazon.com/images/I/718KJ2GvOLL._AC_UL320_.jpg	1	15
16	Nike	Men's Flex Experience Rn 10 Black/University RED-DK Smoke Grey-White Running Shoe-11 UK (11.5 US) (CI9960-005)	3.9 out of 5 stars	(11)	3,020	₹4,995	(40% off)	https://m.media-amazon.com/images/I/71ifzXwNnPL._AC_UL320_.jpg	1	16
17	Adidas	Mens Alliver M Walking Shoe	4.1 out of 5 stars	(10)	1,250	₹2,499	(50% off)	https://m.media-amazon.com/images/I/41lQmp1OOnL._AC_UL320_.jpg	1	17
18	Adidas	Men's Contaro M Flip Flop & Slipper	3.7 out of 5 stars	(121)	1,047	₹1,999	(48% off)	https://m.media-amazon.com/images/I/71SW80zmi4L._AC_UL320_.jpg	1	18
19	Adidas	Men's T-Shirt	5.0 out of 5 stars	(1)	1,499	₹1,999	(25% off)	https://m.media-amazon.com/images/I/717-+FG776L._AC_UL320_.jpg	1	19
20	Adidas	Unisex-Adult Racer Tr21 Lego Running Shoes	4.5 out of 5 stars	(11)	7,999	\N	\N	https://m.media-amazon.com/images/I/61YO+WztRwL._AC_UL320_.jpg	1	20
21	Adidas	Mens Colosso M Synthetic Mesh Low Tops Lace Up Sport Shoes	\N	\N	2,699	\N	\N	https://m.media-amazon.com/images/I/51FEdqIawLL._AC_UL320_.jpg	1	21
22	Adidas	Ultraboost 5.0 DNA W Fabric Lace Up Womens Athleisure Sport Shoes	\N	\N	10,199	₹16,999	(40% off)	https://m.media-amazon.com/images/I/61Rh-KpeTzL._AC_UL320_.jpg	1	22
23	Adidas	Nebzed Super W Fabric Lace Up Womens Athleisure Sport Shoes	\N	\N	5,399	₹8,999	(40% off)	https://m.media-amazon.com/images/I/51Em7XnUN9L._AC_UL320_.jpg	1	23
24	Nike	Mens Legend Essential 2 Running Shoe	3.7 out of 5 stars	(7)	2,023	₹4,495	(55% off)	https://m.media-amazon.com/images/I/81SRMNavYqL._AC_UL320_.jpg	1	24
25	Nike	Mens WMNS Md Runner 2 Running Shoes	4.1 out of 5 stars	(14)	2,658	₹5,495	(52% off)	https://m.media-amazon.com/images/I/71jOI8Z-U3L._AC_UL320_.jpg	1	25
26	Nike	Mens Air Winflo 9 Running Shoe	3.7 out of 5 stars	(27)	5,820	₹8,495	(31% off)	https://m.media-amazon.com/images/I/71ulX1S--bL._AC_UL320_.jpg	1	26
27	Nike	Men Flip Flop Chroma Thong 5 Black 8	3.7 out of 5 stars	(314)	1,049	₹1,495	(30% off)	https://m.media-amazon.com/images/I/71a3MpaHmQL._AC_UL320_.jpg	1	27
28	Nike	Men's Blue LITEFORCE III Casual Shoes -7 UK (41 EU) (8 US) (669593-403)	3.5 out of 5 stars	(409)	1,789	₹2,995	(40% off)	https://m.media-amazon.com/images/I/81N7hmMz3ZL._AC_UL320_.jpg	1	28
29	Nike	Mens M Zoom Court Lite 3 Flip Flops	3.4 out of 5 stars	(14)	4,789	₹5,695	(16% off)	https://m.media-amazon.com/images/I/511bjrEKkxL._AC_UL320_.jpg	1	29
30	Adidas	Mens Cotton M Feelcozy Swt Sweatshirt (H12226_2xl, Dgreyh/black, 2xl)	\N	\N	2,999	\N	\N	https://m.media-amazon.com/images/I/41jcK0I7FKL._AC_UL320_.jpg	1	30
31	Adidas	Men's Fitted T-Shirts	\N	\N	1,749	₹2,499	(30% off)	https://m.media-amazon.com/images/I/51ryvG8briL._AC_UL320_.jpg	1	31
32	Adidas	Men T-Shirts	\N	\N	2,499	\N	\N	https://m.media-amazon.com/images/I/817q7XeEKQL._AC_UL320_.jpg	1	32
33	Adidas	Mens Ultrafly M Shoes	4.1 out of 5 stars	(27)	2,623	₹4,999	(48% off)	https://m.media-amazon.com/images/I/71nRW9YH6HL._AC_UL320_.jpg	1	33
34	Adidas	Edge.4 FxG Football Shoe	4.5 out of 5 stars	(2)	2,999	₹4,999	(40% off)	https://m.media-amazon.com/images/I/71jOseCp1PL._AC_UL320_.jpg	1	34
35	Adidas	Unisex-Adult Copa Sense.4 FxG Football Shoe	\N	\N	2,999	₹4,999	(40% off)	https://m.media-amazon.com/images/I/61tfU3qhMSL._AC_UL320_.jpg	1	35
36	Adidas	Womens Runesy W Running Shoes	\N	\N	2,469	₹3,799	(35% off)	https://m.media-amazon.com/images/I/71q45jFjLEL._AC_UL320_.jpg	1	36
37	Nike	Quest 5 White Men's Road Running Shoes(DD0204-101)	5.0 out of 5 stars	(1)	6,250	₹6,295	(1% off)	https://m.media-amazon.com/images/I/41Udu3OhyrL._AC_UL320_.jpg	1	37
38	Nike	Mens Air Zoom Pegasus 39 Shield Running Shoe	5.0 out of 5 stars	(2)	11,950	₹11,995	\N	https://m.media-amazon.com/images/I/41RamtVHnwL._AC_UL320_.jpg	1	38
39	Nike	Mens Air Winflo 9 Shield Running Shoe	\N	\N	8,995	₹9,695	(7% off)	https://m.media-amazon.com/images/I/61EycOFMczL._AC_UL320_.jpg	1	39
40	Nike	Air Zoom Pegasus 39 Shield Men's Weatherized Road Running Shoe - Medium ash/Bright Crimson-Khaki DO7625-200	\N	\N	10,995	₹11,995	(8% off)	https://m.media-amazon.com/images/I/41jwxI8cDPL._AC_UL320_.jpg	1	40
41	Nike	Mens Air Zoom Pegasus 39 Mens Running Shoes	\N	\N	9,970	₹10,495	(5% off)	https://m.media-amazon.com/images/I/613F33xbs1L._AC_UL320_.jpg	1	41
42	Nike	MC Trainer 2 Men's Training Shoes	\N	\N	5,690	₹5,695	\N	https://m.media-amazon.com/images/I/61ybqq-S4UL._AC_UL320_.jpg	1	42
43	Nike	Air Zoom Vomero 16 Men's Running Shoe	\N	\N	12,995	₹13,495	(4% off)	https://m.media-amazon.com/images/I/51j57dJn0RL._AC_UL320_.jpg	1	43
44	Adidas	Mens Cotton M Feelcozy Swt Sweatshirt (Gv5295_2xl, Black/white, 2xl)	3.8 out of 5 stars	(4)	1,499	₹2,999	(50% off)	https://m.media-amazon.com/images/I/51DqgaIhL4L._AC_UL320_.jpg	1	44
45	Adidas	Mens Throb M Running Shoes	4.0 out of 5 stars	(5,334)	1,350	₹2,699	(50% off)	https://m.media-amazon.com/images/I/71Ls6U8X+sL._AC_UL320_.jpg	1	45
46	Adidas	Mens Harquin M Running Shoe	3.6 out of 5 stars	(11)	2,000	₹3,999	(50% off)	https://m.media-amazon.com/images/I/61fWZXOEd9L._AC_UL320_.jpg	1	46
47	Adidas	Mens Glick M Running Shoe	4.1 out of 5 stars	(845)	1,800	₹3,599	(50% off)	https://m.media-amazon.com/images/I/81m+uqI-lXL._AC_UL320_.jpg	1	47
48	Adidas	mens Gladi Ii Outdoor Sandals	4.2 out of 5 stars	(461)	1,819	₹2,799	(35% off)	https://m.media-amazon.com/images/I/71xhps7xYmL._AC_UL320_.jpg	1	48
49	Adidas	Men's Regular, Tapered Fit Cotton Track Pant	4.7 out of 5 stars	(15,436)	7,512	₹10,740	(30% off)	https://m.media-amazon.com/images/I/61MqdF2xPdL._AC_UL320_.jpg	1	49
50	Nike	Womens W Revolution 6 Nn Running Shoe	\N	\N	3,069	₹3,695	(17% off)	https://m.media-amazon.com/images/I/5163VsMNGXL._AC_UL320_.jpg	1	50
51	Nike	Mens Flex Experience Rn 10 Running Shoe	3.9 out of 5 stars	(5,533)	2,299	₹4,995	(54% off)	https://m.media-amazon.com/images/I/7175Z5h5AiL._AC_UL320_.jpg	1	51
52	Nike	Mens Offcourt Slide Flip Flops	4.6 out of 5 stars	(458)	1,671	₹2,495	(33% off)	https://m.media-amazon.com/images/I/61CsX6VmawL._AC_UL320_.jpg	1	52
53	Nike	24ltrs OBSIDIAN/UNIGOLD Laptop Bagpack(BA5363-451)	4.3 out of 5 stars	(138)	2,536	₹2,995	(15% off)	https://m.media-amazon.com/images/I/91lE6rdpRnL._AC_UL320_.jpg	1	53
54	Nike	Women's WMNS City Trainer 2 Training Shoes	4.0 out of 5 stars	(486)	3,364	₹5,295	(36% off)	https://m.media-amazon.com/images/I/615wYR92vdL._AC_UL320_.jpg	1	54
55	Nike	Womens Downshifter 12 Sports Shoes	5.0 out of 5 stars	(4)	2,956	₹3,995	(26% off)	https://m.media-amazon.com/images/I/51hIiReD02L._AC_UL320_.jpg	1	55
56	Nike	Boys Flex Show Tr 5 (Gs/Ps) Running Shoes	3.5 out of 5 stars	(53)	2,531	₹4,395	(42% off)	https://m.media-amazon.com/images/I/81jhed7NWxL._AC_UL320_.jpg	1	56
57	Adidas	Stadium II Backpack, Collegiate Blue, One Size	4.8 out of 5 stars	(5,937)	14,238	₹20,340	(30% off)	https://m.media-amazon.com/images/I/71uA5fPn86S._AC_UL320_.jpg	1	57
58	Adidas	Men's Fassar Sandal	4.2 out of 5 stars	(1,767)	1,120	₹2,799	(60% off)	https://m.media-amazon.com/images/I/81vk10P7kHL._AC_UL320_.jpg	1	58
59	Adidas	Defender 4 Medium Duffel Bag, Black/White	4.8 out of 5 stars	(3,978)	8,000	₹11,430	(30% off)	https://m.media-amazon.com/images/I/71PDtbuVMMS._AC_UL320_.jpg	1	59
60	Adidas	Excel 6 Backpack	4.7 out of 5 stars	(2,400)	11,561	₹16,520	(30% off)	https://m.media-amazon.com/images/I/81qQBlN3WiS._AC_UL320_.jpg	1	60
61	Adidas	Men's Slim Fit Trackpants	4.7 out of 5 stars	(33,949)	11,900	₹17,000	(30% off)	https://m.media-amazon.com/images/I/51fquCMOlDL._AC_UL320_.jpg	1	61
62	Adidas	Unisex Excel Backpack, Black, ONE SIZE	4.7 out of 5 stars	(3,020)	9,667	₹13,810	(30% off)	https://m.media-amazon.com/images/I/71iJN2qyelS._AC_UL320_.jpg	1	62
63	Nike	Unisex-Adult Flex Runner (Gs) Running Shoes	4.1 out of 5 stars	(118)	1,695	₹3,495	(51% off)	https://m.media-amazon.com/images/I/71vFAuS0Q-L._AC_UL320_.jpg	1	63
64	Nike	Men's Revolution 6 Nn Running Shoe	4.0 out of 5 stars	(696)	2,399	₹3,695	(35% off)	https://m.media-amazon.com/images/I/81wVG0YGiwL._AC_UL320_.jpg	1	64
65	Nike	Mens Flex Experience Sports Shoes	2.8 out of 5 stars	(32)	3,995	₹4,995	(20% off)	https://m.media-amazon.com/images/I/51f1M-cLJeL._AC_UL320_.jpg	1	65
66	Nike	30 Ltrs Midnight Navy/Black/White Laptop Backpack (BA5959-410)	4.5 out of 5 stars	(396)	14,238	₹20,340	(30% off)	https://m.media-amazon.com/images/I/91zJ7D12OFL._AC_UL320_.jpg	1	66
67	Nike	Womens Md Runner 2 Running Shoe	4.4 out of 5 stars	(1,497)	4,299	₹5,495	(22% off)	https://m.media-amazon.com/images/I/81NUaqRPPYL._AC_UL320_.jpg	1	67
68	Nike	Brasilia Training Gymsack	4.7 out of 5 stars	(2,269)	7,668	₹10,960	(30% off)	https://m.media-amazon.com/images/I/81A9WWIhGDL._AC_UL320_.jpg	1	68
69	Adidas	mens Gladi Ii Outdoor Sandals	4.2 out of 5 stars	(461)	1,959	₹2,799	(30% off)	https://m.media-amazon.com/images/I/71xhps7xYmL._AC_UL320_.jpg	1	69
70	Adidas	Men's Flat	4.0 out of 5 stars	(19)	882	₹1,799	(51% off)	https://m.media-amazon.com/images/I/71d0e0k-3cL._AC_UL320_.jpg	1	70
71	Adidas	Original Heel & Toe Terry Ankle Cotton Socks - 2 Pairs (4N) (AD-0826) (Lt Grey Mel/Wonder Steel)	5.0 out of 5 stars	(1)	399	\N	\N	https://m.media-amazon.com/images/I/81e5giPnsoL._AC_UL320_.jpg	1	71
72	Adidas	Mens Statix M Sd Running Shoes	4.0 out of 5 stars	(2,231)	1,260	₹2,999	(58% off)	https://m.media-amazon.com/images/I/81aXKhVCfdL._AC_UL320_.jpg	1	72
73	Adidas	Original Flat Knit Ankle Cotton Socks - 3 Pairs (6N) (AD-203) (Col Navy/Grey Mel/Black)	3.8 out of 5 stars	(18)	349	₹549	(36% off)	https://m.media-amazon.com/images/I/71FrbzI87YL._AC_UL320_.jpg	1	73
74	Adidas	unisex-adult Adilette Comfort Sandal	4.1 out of 5 stars	(1,571)	2,399	₹3,999	(40% off)	https://m.media-amazon.com/images/I/61VMp9zDcaL._AC_UL320_.jpg	1	74
75	Nike	Men's Dri-Fit Training Cotton Cushioned Crew Socks (6 Pair)	4.7 out of 5 stars	(2,362)	7,940	₹11,350	(30% off)	https://m.media-amazon.com/images/I/51BePVaaJAL._AC_UL320_.jpg	1	75
76	Nike	Air Jordan Jumpman Backpack	4.6 out of 5 stars	(982)	10,450	₹18,999	(45% off)	https://m.media-amazon.com/images/I/A1RXjC0qO4L._AC_UL320_.jpg	1	76
77	Nike	Mens Shirt Short Sleeve Legend	4.5 out of 5 stars	(20,082)	7,371	₹10,530	(30% off)	https://m.media-amazon.com/images/I/41jftnQSXQS._AC_UL320_.jpg	1	77
78	Nike	Air Fabric Jordan Velocity Duffle Bag (One Size, Gym Red)	4.7 out of 5 stars	(539)	18,148	₹25,930	(30% off)	https://m.media-amazon.com/images/I/61QrAgpJkSL._AC_UL320_.jpg	1	78
79	Nike	Golf Sphere Dry Cap	4.5 out of 5 stars	(736)	7,277	₹10,400	(30% off)	https://m.media-amazon.com/images/I/51CCteaXD-L._AC_UL320_.jpg	1	79
80	Nike	MENS_SPORT PERFORMANCE_BACKPACK_EQUIPMNT BACKPACKS_NK UTILITY POWER BKPK_BLACK/BLACK/ENIGMA STONE_CK2663-010_MISC, One Size	4.4 out of 5 stars	(152)	4,149	₹4,995	(17% off)	https://m.media-amazon.com/images/I/91XI+3wCClL._AC_UL320_.jpg	1	80
81	Adidas	Original Flat Knit Ankle Cotton Socks - 3 Pairs (6N) (AD-0733) (Shadow Olive/Grey Mel/Cotton Mel)	3.9 out of 5 stars	(7)	519	₹549	(5% off)	https://m.media-amazon.com/images/I/81BkWwtNRRL._AC_UL320_.jpg	1	81
82	Adidas	Baby's Ankle Length Cotton Socks	4.1 out of 5 stars	(5,171)	279	₹597	(53% off)	https://m.media-amazon.com/images/I/81ubUwDYCML._AC_UL320_.jpg	1	82
83	Adidas	Men's Regular Polo Shirt	3.9 out of 5 stars	(696)	720	₹1,799	(60% off)	https://m.media-amazon.com/images/I/714emthUQuL._AC_UL320_.jpg	1	83
84	Adidas	Original Flat Knit Ankle Cotton Socks - 3 Pairs (6N) (AD-0735) (Shadow Olive/Coll Navy/Legacy Teal)	3.3 out of 5 stars	(5)	579	₹599	(3% off)	https://m.media-amazon.com/images/I/817wmZzN2PL._AC_UL320_.jpg	1	84
85	Adidas	Men's Low Cut Cotton Blend Socks (Pack Of 3) (AD-0281 Light Grey Mel/Anthra Mel/White_Multicolor)	4.2 out of 5 stars	(56)	489	₹499	(2% off)	https://m.media-amazon.com/images/I/71zrAzvjpcL._AC_UL320_.jpg	1	85
86	Adidas	Men's Low Cut Cotton Blend Socks (Pack Of 3) (AD-9229 Charcoal/Collegiate Navy/Black_Multicolor)	3.7 out of 5 stars	(11)	489	₹499	(2% off)	https://m.media-amazon.com/images/I/8148-am8u3L._AC_UL320_.jpg	1	86
87	Nike	Womens W Revolution 6 Nn Running Shoe	\N	\N	3,069	₹3,695	(17% off)	https://m.media-amazon.com/images/I/5163VsMNGXL._AC_UL320_.jpg	1	87
88	Nike	Boys T-Shirt	5.0 out of 5 stars	(1)	599	₹1,195	(50% off)	https://m.media-amazon.com/images/I/91z2XEI60uL._AC_UL320_.jpg	1	88
89	Nike	womens W Victori One Shwer Slide BLACK/WHITE-BLACK Flip Flop - 4.5 UK, (CZ7836-001)	4.5 out of 5 stars	(43)	1,153	₹1,695	(32% off)	https://m.media-amazon.com/images/I/71ToTrI+byL._AC_UL320_.jpg	1	89
90	Nike	Women T-Shirt	3.0 out of 5 stars	(9)	839	₹2,395	(65% off)	https://m.media-amazon.com/images/I/61mGlelf62L._AC_UL320_.jpg	1	90
91	Nike	Men's Chroma Thong 5 BLK/LT Crimson-Cool Grey Flip Flops-6 Kids UK (833808-004)	4.3 out of 5 stars	(35)	1,024	₹1,495	(32% off)	https://m.media-amazon.com/images/I/81iQVKyFnZL._AC_UL320_.jpg	1	91
92	Nike	Men's Victori One Shower Slide	4.1 out of 5 stars	(2,157)	1,153	₹1,695	(32% off)	https://m.media-amazon.com/images/I/71bhQszt9sL._AC_UL320_.jpg	1	92
93	Adidas	Men's Ankle Length Cotton Blend Socks (Pack Of 3 Pairs) (AD-3513 Grey Mel/Anthra Mel/Black_Grey Mel, Anthra Mel, Black)	3.8 out of 5 stars	(34)	299	₹549	(46% off)	https://m.media-amazon.com/images/I/81oLK1Sk5YL._AC_UL320_.jpg	1	93
94	Adidas	Mens Flodean M Walking Shoe	4.1 out of 5 stars	(135)	1,889	₹2,699	(30% off)	https://m.media-amazon.com/images/I/51q2cN7DqoL._AC_UL320_.jpg	1	94
95	Adidas	Men Flat(HG2735_White/Black_XL)	4.6 out of 5 stars	(3)	1,339	₹1,999	(33% off)	https://m.media-amazon.com/images/I/71iIafBGuXL._AC_UL320_.jpg	1	95
96	Adidas	Women's Adilette Comfort Swim Slide	3.9 out of 5 stars	(2,261)	1,350	₹2,699	(50% off)	https://m.media-amazon.com/images/I/61KuFwy2Y7L._AC_UL320_.jpg	1	96
97	Adidas	Mens Orion M Running Shoes	3.8 out of 5 stars	(496)	2,299	₹4,999	(54% off)	https://m.media-amazon.com/images/I/81SX2WeKnUL._AC_UL320_.jpg	1	97
98	Adidas	Men's Low Cut Cotton Blend Socks (Pack Of 3) (AD-0585 Anthra Mel/White/Navy Peony_Multicolor)	4.1 out of 5 stars	(71)	489	₹499	(2% off)	https://m.media-amazon.com/images/I/71-uKnR-0wL._AC_UL320_.jpg	1	98
99	Adidas	mens Adilette Shower Flip-Flop	4.1 out of 5 stars	(641)	1,350	₹2,699	(50% off)	https://m.media-amazon.com/images/I/61KuFwy2Y7L._AC_UL320_.jpg	1	99
100	Nike	Quest 5 White Men's Road Running Shoes(DD0204-101)	5.0 out of 5 stars	(1)	6,295	\N	\N	https://m.media-amazon.com/images/I/41Udu3OhyrL._AC_UL320_.jpg	1	100
101	Nike	Unisex-Adult Chroma Thong 5 Velvbn Flip-Flop-5 UK (833808-200)	3.8 out of 5 stars	(85)	1,044	₹1,495	(30% off)	https://m.media-amazon.com/images/I/91KEetxGcGL._AC_UL320_.jpg	1	101
102	Nike	Mens Phantom Gt2 Club Tf Sneaker	\N	\N	4,149	₹4,995	(17% off)	https://m.media-amazon.com/images/I/81IUl3lrI2L._AC_UL320_.jpg	1	102
103	Nike	Men's Chroma Thong 5 Black Slipper-6 Kids UK (833808-013)	3.9 out of 5 stars	(52)	1,024	₹1,495	(32% off)	https://m.media-amazon.com/images/I/718KJ2GvOLL._AC_UL320_.jpg	1	103
104	Nike	Men Sweatshirt	3.5 out of 5 stars	(715)	2,279	₹2,595	(12% off)	https://m.media-amazon.com/images/I/716S7F0isNL._AC_UL320_.jpg	1	104
105	Nike	Men's Chroma Thong 5 Velvet Brown/Chorme-Malt Flip Flops-6 Kids UK (833808-004)	3.6 out of 5 stars	(84)	994	₹1,495	(34% off)	https://m.media-amazon.com/images/I/31cj32CykTL._AC_UL320_.jpg	1	105
106	Adidas	Unisex Low Cut Cotton Blend Socks (Pack Of 3) (AD-0632 Lt Grey Mel/Black/Anthra Mel_Multicolor)	4.0 out of 5 stars	(182)	539	₹549	(2% off)	https://m.media-amazon.com/images/I/81GffNsMvxL._AC_UL320_.jpg	1	106
107	Adidas	Men's Hellion Z M Running Shoe	3.9 out of 5 stars	(2,403)	2,144	₹3,299	(35% off)	https://m.media-amazon.com/images/I/712AsoD8uTL._AC_UL320_.jpg	1	107
108	Adidas	Men's Flat	4.3 out of 5 stars	(22)	1,424	₹2,499	(43% off)	https://m.media-amazon.com/images/I/7104sjYrjeL._AC_UL320_.jpg	1	108
109	Adidas	Mens Classigy M Running Shoe	4.0 out of 5 stars	(373)	1,410	₹2,499	(44% off)	https://m.media-amazon.com/images/I/71AxOYUwb6L._AC_UL320_.jpg	1	109
110	Adidas	Women's Statix W Running Shoe	4.1 out of 5 stars	(292)	1,699	₹2,999	(43% off)	https://m.media-amazon.com/images/I/81j97H4L75L._AC_UL320_.jpg	1	110
111	Adidas	Men's Alliver M Walking Shoes	4.2 out of 5 stars	(697)	1,125	₹2,499	(55% off)	https://m.media-amazon.com/images/I/71oJLedaDEL._AC_UL320_.jpg	1	111
112	Nike	Men's Chroma Thong 5 10US Black/Light Red -Cool Grey color Classic	3.7 out of 5 stars	(407)	1,051	₹1,495	(30% off)	https://m.media-amazon.com/images/I/61AP6uDq8rL._AC_UL320_.jpg	1	112
113	Nike	Womens WMNS Flex Essential Tr Training Shoes	4.1 out of 5 stars	(199)	2,803	₹4,495	(38% off)	https://m.media-amazon.com/images/I/71yXo1+66+L._AC_UL320_.jpg	1	113
114	Nike	Men Runallday Running Shoes	3.7 out of 5 stars	(1,290)	2,995	₹4,495	(33% off)	https://m.media-amazon.com/images/I/8194VXADfWL._AC_UL320_.jpg	1	114
115	Nike	Womens WMNS Md Runner 2 Running Shoes	3.9 out of 5 stars	(35)	2,658	₹5,495	(52% off)	https://m.media-amazon.com/images/I/71jOI8Z-U3L._AC_UL320_.jpg	1	115
116	Nike	Revolution 6 NN	3.9 out of 5 stars	(7)	3,695	\N	\N	https://m.media-amazon.com/images/I/41te+TSwJ0L._AC_UL320_.jpg	1	116
117	Nike	womens Victori One Slide Sliders	4.0 out of 5 stars	(13,073)	1,571	₹2,095	(25% off)	https://m.media-amazon.com/images/I/41D1Ug+bcBL._AC_UL320_.jpg	1	117
118	Nike	Womens W Flex Experience Rn 11 Nn Running Shoes	4.6 out of 5 stars	(3)	2,439	₹4,995	(51% off)	https://m.media-amazon.com/images/I/71D1i43ID3L._AC_UL320_.jpg	1	118
119	Adidas	Women's Low Cut Cotton Blend Socks (Pack Of 3) (AD-0632 Lt Grey Mel/White/Col Navy_Multicolor)	4.2 out of 5 stars	(76)	539	₹549	(2% off)	https://m.media-amazon.com/images/I/81YUaXwje3L._AC_UL320_.jpg	1	119
120	Adidas	Girl's Hyperon W Running Shoes	4.1 out of 5 stars	(497)	1,949	₹2,999	(35% off)	https://m.media-amazon.com/images/I/818lpK8oW3L._AC_UL320_.jpg	1	120
121	Adidas	Mens Jest M Running Shoe	4.0 out of 5 stars	(1,230)	2,099	₹4,599	(54% off)	https://m.media-amazon.com/images/I/714WFxwwItL._AC_UL320_.jpg	1	121
122	Nike	mens Nike Kepa Kai Thong Flip-Flops	3.9 out of 5 stars	(1,525)	1,029	₹1,995	(48% off)	https://m.media-amazon.com/images/I/91YuDuDn0GL._AC_UL320_.jpg	1	122
123	Nike	Nike NK GK MATCH-FA19-BLACK/WHITE_GS3882-010-7	4.3 out of 5 stars	(21)	1,149	₹1,795	(36% off)	https://m.media-amazon.com/images/I/813rjLuPVEL._AC_UL320_.jpg	1	123
124	Nike	Boys Revolution 2 Velcro Running	4.1 out of 5 stars	(205)	1,699	₹2,895	(41% off)	https://m.media-amazon.com/images/I/71y2T6NFKKL._AC_UL320_.jpg	1	124
125	Nike	AS M NSW HE VEST WINTER_OFF NOIR/BLACK_CD3143-045-L	3.9 out of 5 stars	(16)	2,913	₹4,995	(42% off)	https://m.media-amazon.com/images/I/916sgEtPbJL._AC_UL320_.jpg	1	125
126	Nike	Mens Asuna 2 Slide NSW Elements Solar	3.9 out of 5 stars	(38)	2,990	₹2,995	\N	https://m.media-amazon.com/images/I/71lXbBxVQvL._AC_UL320_.jpg	1	126
127	Nike	GRD SCHOOL UNSX_BACKPACK_Y NK CLASSIC BKPK - AOP SU20_BLACK/BLACK/TRACK RED_BA6213-010-MISC, one size	3.4 out of 5 stars	(7)	2,079	\N	\N	https://m.media-amazon.com/images/I/A1G-HcN5UtL._AC_UL320_.jpg	1	127
128	Nike	Mens M Air Zoom Superrep 3 Running Shoe	3.5 out of 5 stars	(8)	7,134	₹10,295	(31% off)	https://m.media-amazon.com/images/I/61QNzsafzjL._AC_UL320_.jpg	1	128
129	Adidas	Men's Board Shorts	4.3 out of 5 stars	(21)	701	₹1,599	(56% off)	https://m.media-amazon.com/images/I/71MRNLW4KRL._AC_UL320_.jpg	2	129
130	Adidas	Mens Men's Fraizer M Running Shoes	4.0 out of 5 stars	(723)	2,879	₹4,799	(40% off)	https://m.media-amazon.com/images/I/81JEbhnJKRL._AC_UL320_.jpg	2	130
131	Adidas	Men's Low Cut Cotton Blend Socks (AD-9134 Anthra Mel/Grey Mel/Black_Anthra, Grey, Black)	4.2 out of 5 stars	(41)	489	₹499	(2% off)	https://m.media-amazon.com/images/I/71kWcMywzyL._AC_UL320_.jpg	2	131
132	Adidas	Mens Faztcort Indoor Indoor Court Shoe	\N	\N	2,478	₹3,999	(38% off)	https://m.media-amazon.com/images/I/81WvGbpv7LL._AC_UL320_.jpg	2	132
133	Adidas	Mens Fluidstreet Running Shoe	4.1 out of 5 stars	(224)	3,300	₹6,599	(50% off)	https://m.media-amazon.com/images/I/71kzteMeN1L._AC_UL320_.jpg	2	133
134	Adidas	Original Select Terry Ankle Cotton Socks - 2 Pairs (4N) (AD-0834) (Dark Blue/Impact Yellow)	\N	\N	399	\N	\N	https://m.media-amazon.com/images/I/81F+AFANDoL._AC_UL320_.jpg	2	134
135	Adidas	mens Adilette Comfort Adj Slipper	4.1 out of 5 stars	(477)	2,199	₹4,599	(52% off)	https://m.media-amazon.com/images/I/61zJb2+Yl3S._AC_UL320_.jpg	2	135
136	Nike	Mens Air Zoom Structure 24 Running Shoe	4.2 out of 5 stars	(55)	9,995	₹10,295	(3% off)	https://m.media-amazon.com/images/I/7134AMJJMlL._AC_UL320_.jpg	3	136
137	Adidas	Men Shorts	4.1 out of 5 stars	(250)	1,349	₹1,499	(10% off)	https://m.media-amazon.com/images/I/819cYAtDcwL._AC_UL320_.jpg	2	137
138	Adidas	mens Adirio Attack 2 M Slipper	3.8 out of 5 stars	(6,920)	519	₹799	(35% off)	https://m.media-amazon.com/images/I/81QOEped1BL._AC_UL320_.jpg	2	138
139	Adidas	Unisex-Adult Polyester Blend Gloves	4.5 out of 5 stars	(2)	1,438	₹2,799	(49% off)	https://m.media-amazon.com/images/I/81lYfVXOW5L._AC_UL320_.jpg	2	139
140	Adidas	Men's Galaxy 6 Running Shoes	4.0 out of 5 stars	(13)	2,699	₹4,999	(46% off)	https://m.media-amazon.com/images/I/81uBZxM68HL._AC_UL320_.jpg	2	140
141	Adidas	Unisex Ankle Length Standard Cotton Socks (Pack of 3) Assorted	4.0 out of 5 stars	(1,849)	290	₹597	(51% off)	https://m.media-amazon.com/images/I/51Vti5wgA3L._AC_UL320_.jpg	2	141
142	Nike	Women's Casual (CZ8603-010_Black/LT Smoke Grey White_M)	3.9 out of 5 stars	(8)	3,121	₹3,695	(16% off)	https://m.media-amazon.com/images/I/81Qb1Q4+hvL._AC_UL320_.jpg	3	142
143	Nike	Mens React-Type GTX Gore-tex Running Shoe	2.6 out of 5 stars	(27)	12,069	₹15,995	(25% off)	https://m.media-amazon.com/images/I/7102q4bLwFL._AC_UL320_.jpg	3	143
144	Nike	ADULT UNISEX_BACKPACK_NK BRSLA MESH BKPK - NFS_VOLT/BLACK/WHITE_CW6220-702_MISC	3.1 out of 5 stars	(9)	1,909	₹2,695	(29% off)	https://m.media-amazon.com/images/I/71sB6Qq33oS._AC_UL320_.jpg	3	144
145	Nike	Unisex-Child Lunarstelos (Gs) Sneaker	3.6 out of 5 stars	(50)	3,074	₹5,095	(40% off)	https://m.media-amazon.com/images/I/61gT9QX2bYL._AC_UL320_.jpg	3	145
146	Nike	Unisex Jr Phantom Vsn 2 Club Df Tf Laser Crimson/Metallic Silver-Black Football Shoes-4.5 UK (37.5 EU) (5 Kids US) (CD4079-606)	5.0 out of 5 stars	(1)	2,774	₹4,495	(38% off)	https://m.media-amazon.com/images/I/516S9Q8DoWL._AC_UL320_.jpg	3	146
147	Nike	mens Vista Sandal Sandal	4.0 out of 5 stars	(13)	2,853	₹4,195	(32% off)	https://m.media-amazon.com/images/I/7124sxuiMgL._AC_UL320_.jpg	3	147
148	Adidas	Men's COSET 2018 M Flip-Flops	4.0 out of 5 stars	(1,292)	909	₹1,299	(30% off)	https://m.media-amazon.com/images/I/81iFPRvs-mL._AC_UL320_.jpg	2	148
149	Adidas	Men's Regular Fit Polo Shirt	3.7 out of 5 stars	(29)	899	₹1,599	(44% off)	https://m.media-amazon.com/images/I/71kb+4ieaTL._AC_UL320_.jpg	2	149
150	Adidas	Mens Copa Sense.4 FxG Football Shoe	4.0 out of 5 stars	(1)	2,999	₹4,999	(40% off)	https://m.media-amazon.com/images/I/61tfU3qhMSL._AC_UL320_.jpg	2	150
151	Adidas	Mens M Cb T T-Shirt (Hs8060_2Xl, Legend Ink/Scarlet/White, 2Xl)	\N	\N	1,119	₹1,599	(30% off)	https://m.media-amazon.com/images/I/418i-HzylTL._AC_UL320_.jpg	2	151
152	Adidas	Mens Crihase Cricket Shoe	4.5 out of 5 stars	(2)	3,599	₹3,999	(10% off)	https://m.media-amazon.com/images/I/51nbK7Cq9LL._AC_UL320_.jpg	2	152
153	Adidas	Men's Cotton Ankle Socks (Pack of 3)	4.1 out of 5 stars	(448)	299	₹597	(50% off)	https://m.media-amazon.com/images/I/61opdy4cKiL._AC_UL320_.jpg	2	153
154	Nike	Mens Downshifter 7 (Gs) Running Shoes	3.5 out of 5 stars	(18)	2,544	₹3,795	(33% off)	https://m.media-amazon.com/images/I/81fnqkbtlEL._AC_UL320_.jpg	3	154
155	Nike	Boys Jr Hypervenom 3 Club Fg Football Shoes	4.5 out of 5 stars	(8)	3,104	₹3,695	(16% off)	https://m.media-amazon.com/images/I/71hCRq4O+ZL._AC_UL320_.jpg	3	155
156	Nike	Women's Zoom Gravity Running Shoe	3.6 out of 5 stars	(432)	4,528	₹7,995	(43% off)	https://m.media-amazon.com/images/I/81eD7n-7SML._AC_UL320_.jpg	3	156
157	Nike	Mens M Superrep Go 2 M SUPERREP GO 2	4.6 out of 5 stars	(6)	4,013	₹8,295	(52% off)	https://m.media-amazon.com/images/I/81LTByMcJiL._AC_UL320_.jpg	3	157
158	Nike	Unisex-Child Jr Mercurial Vctry 6 Df NJR Fg Football Shoes	3.6 out of 5 stars	(30)	3,974	₹6,495	(39% off)	https://m.media-amazon.com/images/I/81uOrWxzrhL._AC_UL320_.jpg	3	158
159	Nike	Women's Free Rn Flyknit 3.0 Running Shoes	3.8 out of 5 stars	(104)	5,989	₹10,995	(46% off)	https://m.media-amazon.com/images/I/81tLVl+YhSL._AC_UL320_.jpg	3	159
160	Adidas	Mens Dezmer M Running Shoes	2.7 out of 5 stars	(9)	3,249	₹4,999	(35% off)	https://m.media-amazon.com/images/I/71BydObvj1L._AC_UL320_.jpg	2	160
161	Adidas	Men's Ankle Length Cotton Socks (Pack Of 3) (BK4799_A_Grey, White, Black)	4.0 out of 5 stars	(939)	349	₹479	(27% off)	https://m.media-amazon.com/images/I/81503EiJXzL._AC_UL320_.jpg	2	161
162	Adidas	Womens Galaxy 5 New Running Shoes	4.2 out of 5 stars	(627)	2,500	₹4,999	(50% off)	https://m.media-amazon.com/images/I/71Gq6GE58tL._AC_UL320_.jpg	2	162
163	Adidas	Men Shorts (DY1565_Legink/White_Medium_Blue, White_M)	4.2 out of 5 stars	(17)	639	₹1,599	(60% off)	https://m.media-amazon.com/images/I/71prd3IXORL._AC_UL320_.jpg	2	163
164	Adidas	Mens Gamecourt 2 M Tennis Shoes	3.8 out of 5 stars	(148)	3,239	₹5,999	(46% off)	https://m.media-amazon.com/images/I/51E+pSAg6AL._AC_UL320_.jpg	2	164
165	Adidas	Mens M 3S Fl Swt Sweatshirt (Ic9604_2Xl, Black/White, 2Xl)	5.0 out of 5 stars	(1)	1,999	₹3,999	(50% off)	https://m.media-amazon.com/images/I/71AyEopoxML._AC_UL320_.jpg	2	165
166	Nike	Mens Air Max Pre-Day Se Running Shoe	2.9 out of 5 stars	(6)	7,602	₹13,995	(46% off)	https://m.media-amazon.com/images/I/713kQ6po-FL._AC_UL320_.jpg	3	166
167	Nike	Mens Air Max 2090 Sneaker	3.5 out of 5 stars	(34)	9,494	₹11,995	(21% off)	https://m.media-amazon.com/images/I/71IIn-p3WSL._AC_UL320_.jpg	3	167
168	Nike	Mens Air Zoom Pegasus 38 Running Shoe	3.3 out of 5 stars	(928)	8,009	₹9,995	(20% off)	https://m.media-amazon.com/images/I/71twGCoVvVS._AC_UL320_.jpg	3	168
169	Nike	Mens Zoom Vapor 15 Academy Fg/Mg Running Shoe	5.0 out of 5 stars	(1)	6,719	₹7,995	(16% off)	https://m.media-amazon.com/images/I/816-VgQ0znL._AC_UL320_.jpg	3	169
170	Nike'	Women's Regular Short Sleeve T-Shirt	3.8 out of 5 stars	(33)	679	₹1,295	(48% off)	https://m.media-amazon.com/images/I/613q0rAAHEL._AC_UL320_.jpg	3	170
171	Nike	womens W Nike Victori One Shwer Slide Slide Sandal	4.4 out of 5 stars	(323)	1,153	₹1,695	(32% off)	https://m.media-amazon.com/images/I/71ToTrI+byL._AC_UL320_.jpg	3	171
172	Adidas	Men's Zenith M Sandal	3.9 out of 5 stars	(518)	578	₹899	(36% off)	https://m.media-amazon.com/images/I/714HFq8dQdL._AC_UL320_.jpg	2	172
173	Adidas	Womens Puremotion Super Running Shoe	4.2 out of 5 stars	(15)	3,491	₹7,599	(54% off)	https://m.media-amazon.com/images/I/71u3cO6MHwL._AC_UL320_.jpg	2	173
174	Adidas	Mens Flexpace M Walking Shoe	4.3 out of 5 stars	(15)	1,979	₹3,299	(40% off)	https://m.media-amazon.com/images/I/713gwRKjMXL._AC_UL320_.jpg	2	174
175	Adidas	Men's Fitted T-Shirt	3.0 out of 5 stars	(5)	951	₹1,499	(37% off)	https://m.media-amazon.com/images/I/71t+ZJ+WB-L._AC_UL320_.jpg	2	175
176	Adidas	Mens Adi Zoom M Running Shoes	4.0 out of 5 stars	(324)	1,484	₹3,299	(55% off)	https://m.media-amazon.com/images/I/41nh1fFwfnL._AC_UL320_.jpg	2	176
177	Adidas	Mens Galaxy Q Running Shoes	3.9 out of 5 stars	(147)	2,999	₹4,999	(40% off)	https://m.media-amazon.com/images/I/81AWzY12fUL._AC_UL320_.jpg	2	177
178	Nike	Kids' Youth Elemental Backpack-Fall'19	4.3 out of 5 stars	(667)	2,399	\N	\N	https://m.media-amazon.com/images/I/91zS2bjkXcL._AC_UL320_.jpg	3	178
179	Nike	Womens WMNS Renew Arena Running Shoes	3.9 out of 5 stars	(261)	3,368	₹5,995	(44% off)	https://m.media-amazon.com/images/I/71VmlA+jTNL._AC_UL320_.jpg	3	179
180	Nike	Women's Swift Sun Dead Purple Running Shoe-7 Kids UK (909006-501)	4.8 out of 5 stars	(6)	4,269	₹6,495	(34% off)	https://m.media-amazon.com/images/I/81wHaWEGKOL._AC_UL320_.jpg	3	180
181	Nike	Women's WMNS GTS '16 TXT Black/White Running Shoes (840306-010_4.5 UK, 7 US)	3.4 out of 5 stars	(4)	2,709	₹4,495	(40% off)	https://m.media-amazon.com/images/I/61NQ2fliZIL._AC_UL320_.jpg	3	181
182	Nike	Women WMNS RUNALLDAY Running Shoes	3.7 out of 5 stars	(7)	2,497	₹4,495	(44% off)	https://m.media-amazon.com/images/I/81JD7ZhpFVL._AC_UL320_.jpg	3	182
183	Nike	Men's Zoom Strike Running Shoes	3.7 out of 5 stars	(1,539)	6,487	₹10,995	(41% off)	https://m.media-amazon.com/images/I/51kipPDa-AL._AC_UL320_.jpg	3	183
184	Adidas	Men T-Shirt	4.1 out of 5 stars	(96)	1,000	\N	\N	https://m.media-amazon.com/images/I/719KoPF5-0L._AC_UL320_.jpg	2	184
185	Adidas	Womens Glarus W Running Shoes	4.1 out of 5 stars	(798)	1,749	₹2,499	(30% off)	https://m.media-amazon.com/images/I/71NiRTgOEXL._AC_UL320_.jpg	2	185
186	Adidas	Men's Fitted T-Shirt	3.5 out of 5 stars	(125)	989	₹1,499	(34% off)	https://m.media-amazon.com/images/I/71Y8a9Q5KFL._AC_UL320_.jpg	2	186
187	Adidas	Mens Hyperon-1.0-m Running Shoe	3.9 out of 5 stars	(1,672)	1,949	₹2,999	(35% off)	https://m.media-amazon.com/images/I/71dgQEYMVYL._AC_UL320_.jpg	2	187
188	Adidas	mens Swenn M Flip Flop & Slipper	3.7 out of 5 stars	(209)	971	₹1,799	(46% off)	https://m.media-amazon.com/images/I/61UKFFSkAcL._AC_UL320_.jpg	2	188
189	Adidas	Women's Clear Factor W CBLACK/SCRPNK/FTWWHT Slipper-5 Kids UK (EX2356)	3.9 out of 5 stars	(23)	399	₹999	(60% off)	https://m.media-amazon.com/images/I/718jTdKXcjL._AC_UL320_.jpg	2	189
190	Nike	Men's Shorts	3.4 out of 5 stars	(360)	899	₹1,495	(40% off)	https://m.media-amazon.com/images/I/71Yfacmm0iL._AC_UL320_.jpg	3	190
191	Nike	Womens WMNS Flex 2019 Rn Running Shoe	4.0 out of 5 stars	(190)	4,564	₹6,995	(35% off)	https://m.media-amazon.com/images/I/610Bx2QR2EL._AC_UL320_.jpg	3	191
192	Nike	Womens Zoom Court Lite 3 Tennis Shoe	3.9 out of 5 stars	(5)	4,345	₹5,695	(24% off)	https://m.media-amazon.com/images/I/71I5RzI7BaL._AC_UL320_.jpg	3	192
193	Nike	Mens Offcourt Slide Flip Flops	4.4 out of 5 stars	(655)	1,747	₹2,495	(30% off)	https://m.media-amazon.com/images/I/613uKaK4R9L._AC_UL320_.jpg	3	193
194	Nike	mens Nike Offcourt Slide Sliders	4.2 out of 5 stars	(863)	1,908	₹2,495	(24% off)	https://m.media-amazon.com/images/I/61u-su9bWzL._AC_UL320_.jpg	3	194
195	Nike	Mens Renew Run 3 Running Shoes	3.7 out of 5 stars	(3)	5,021	₹7,495	(33% off)	https://m.media-amazon.com/images/I/71IgLGa0tdL._AC_UL320_.jpg	3	195
196	Adidas	Mens Walkwagon M Walking Shoe	5.0 out of 5 stars	(1)	4,599	\N	\N	https://m.media-amazon.com/images/I/41gdVQmJxCL._AC_UL320_.jpg	2	196
197	Adidas	mens Hengat M Sport Sandal	3.7 out of 5 stars	(472)	1,000	₹1,999	(50% off)	https://m.media-amazon.com/images/I/71tTayCtoGL._AC_UL320_.jpg	2	197
198	Adidas	Men Adistark 4.0 M Running Shoes	4.2 out of 5 stars	(421)	2,799	₹3,999	(30% off)	https://m.media-amazon.com/images/I/81V0TzY1iRL._AC_UL320_.jpg	2	198
199	Adidas	Men's Adispree 5.0 M Running Shoes	4.1 out of 5 stars	(1,005)	1,899	₹3,799	(50% off)	https://m.media-amazon.com/images/I/81AKPSr87LL._AC_UL320_.jpg	2	199
200	Adidas	Original Full Cushion Low Cut Cotton Socks - 2 Pairs (4N) (AD-0850) (Linen Green/Grey Mel)	5.0 out of 5 stars	(1)	399	\N	\N	https://m.media-amazon.com/images/I/71Oe2klbRvL._AC_UL320_.jpg	2	200
201	Nike	Mens Zoom Fly 4 Running Shoe	3.1 out of 5 stars	(4)	12,814	₹15,995	(20% off)	https://m.media-amazon.com/images/I/71LjpWQoo4L._AC_UL320_.jpg	3	201
202	Nike	Mens Zoom Freak 3 Running Shoe	3.7 out of 5 stars	(5)	6,589	₹10,895	(40% off)	https://m.media-amazon.com/images/I/41YWSVlttDL._AC_UL320_.jpg	3	202
203	Nike	Men Sweatshirt	3.7 out of 5 stars	(9)	1,509	₹2,595	(42% off)	https://m.media-amazon.com/images/I/A1U3MH1mFdL._AC_UL320_.jpg	3	203
204	Nike	Men's Victori One Shower Slide	4.1 out of 5 stars	(2,157)	1,017	₹1,695	(40% off)	https://m.media-amazon.com/images/I/719JA6K98fL._AC_UL320_.jpg	3	204
205	Nike	Mens React Infinity Run Fk 3 Running Shoes	\N	\N	9,135	₹13,995	(35% off)	https://m.media-amazon.com/images/I/61GAVxk8clL._AC_UL320_.jpg	3	205
206	Nike	Unisex-Child Sunray Protect 3 (Ps) Sports Shoes	\N	\N	2,294	₹2,995	(23% off)	https://m.media-amazon.com/images/I/512OS62OG8L._AC_UL320_.jpg	3	206
207	Adidas	Unisex-Child Adi Icon 1.0 K Running Shoe	5.0 out of 5 stars	(1)	1,299	₹1,999	(35% off)	https://m.media-amazon.com/images/I/81MOE+QqAIL._AC_UL320_.jpg	2	207
208	Adidas	Mens M Cb T T-Shirt (Hs8061_2Xl, Alumina/Mgh Solid Grey/Orbit Green, 2Xl)	\N	\N	1,119	₹1,599	(30% off)	https://m.media-amazon.com/images/I/415QxeMhHKL._AC_UL320_.jpg	2	208
209	Adidas	Mens Harquin M Running Shoes	4.0 out of 5 stars	(69)	1,866	₹3,999	(53% off)	https://m.media-amazon.com/images/I/81jEq2gm6nL._AC_UL320_.jpg	2	209
210	Adidas	Men's Regular Pants	3.8 out of 5 stars	(15)	2,339	₹3,599	(35% off)	https://m.media-amazon.com/images/I/61maoUxzFVL._AC_UL320_.jpg	2	210
211	Adidas	Mens Glowrun Reflective M Running Shoe	4.0 out of 5 stars	(1,890)	2,300	₹4,599	(50% off)	https://m.media-amazon.com/images/I/81SIQhYFmkL._AC_UL320_.jpg	2	211
212	Adidas	Men's Regular Fit	4.1 out of 5 stars	(80)	799	₹1,999	(60% off)	https://m.media-amazon.com/images/I/714boGJXV+L._AC_UL320_.jpg	2	212
213	Nike	Men's Canyon Sandal Flat	3.6 out of 5 stars	(821)	3,011	₹4,495	(33% off)	https://m.media-amazon.com/images/I/51Ju+lBT5RL._AC_UL320_.jpg	3	213
214	Nike	mens Nike Air Max Advantage 2 (Gs) Running Shoe	3.4 out of 5 stars	(4)	3,819	₹5,995	(36% off)	https://m.media-amazon.com/images/I/515InayZ9qL._AC_UL320_.jpg	3	214
215	Nike	Mens Zoom Fly 4 Running Shoe	3.9 out of 5 stars	(26)	11,064	₹14,495	(24% off)	https://m.media-amazon.com/images/I/81EOkLkMeAL._AC_UL320_.jpg	3	215
216	Nike	Mens Dbreak-Type Running Shoes	3.8 out of 5 stars	(77)	4,705	₹8,195	(43% off)	https://m.media-amazon.com/images/I/81wUZw5+39S._AC_UL320_.jpg	3	216
217	Nike	Mens Zoom Fly 5 Running Shoes	3.0 out of 5 stars	(2)	12,004	₹14,995	(20% off)	https://m.media-amazon.com/images/I/71fDlUf+JXL._AC_UL320_.jpg	3	217
218	Nike	Men's Relaxed Track Pants	\N	\N	3,405	₹4,295	(21% off)	https://m.media-amazon.com/images/I/41B90X6w9pL._AC_UL320_.jpg	3	218
219	Adidas	Mens Saberrrun M Running Shoes	3.9 out of 5 stars	(7)	3,156	₹5,299	(40% off)	https://m.media-amazon.com/images/I/51FZmUn5BHL._AC_UL320_.jpg	2	219
220	Nike	Women's WMNS Revolution 5 PRM Running Shoe	4.1 out of 5 stars	(6,575)	2,771	₹3,695	(25% off)	https://m.media-amazon.com/images/I/71ZKuNQYvjL._AC_UL320_.jpg	3	220
221	Nike	Mens Air Zoom Pegasus 39 Shield Running Shoe	5.0 out of 5 stars	(2)	11,950	₹11,995	\N	https://m.media-amazon.com/images/I/41RamtVHnwL._AC_UL320_.jpg	3	221
222	Nike	mens Victori One Slide Slide Sandal	4.0 out of 5 stars	(13,073)	1,571	₹2,095	(25% off)	https://m.media-amazon.com/images/I/61vkFYkJujL._AC_UL320_.jpg	3	222
223	Nike	Multi-Sport, Black/Black/Bright Crimson, One Size, MISC (CU9498)	4.4 out of 5 stars	(14)	\N	\N	\N	https://m.media-amazon.com/images/I/91IFj+V7KoL._AC_UL320_.jpg	3	223
224	Nike	Mens Downshifter 12 Running Shoes	4.7 out of 5 stars	(4)	3,995	\N	\N	https://m.media-amazon.com/images/I/61Txtti2XSL._AC_UL320_.jpg	3	224
225	Adidas	Unisex-Child Copa Sense.4 FxG J Football Shoe	5.0 out of 5 stars	(1)	1,979	₹3,599	(45% off)	https://m.media-amazon.com/images/I/51ICskhte3L._AC_UL320_.jpg	4	225
226	Adidas	womens Adilette Aqua Slipper	4.0 out of 5 stars	(322)	1,379	₹2,299	(40% off)	https://m.media-amazon.com/images/I/61itCqu4sDL._AC_UL320_.jpg	4	226
227	Adidas	Original Select Terry Ankle Cotton Socks - 2 Pairs (4N) (AD-0837) (Grey Mel/Anthra Mel)	3.0 out of 5 stars	(1)	399	\N	\N	https://m.media-amazon.com/images/I/81mP4YEuZIL._AC_UL320_.jpg	4	227
228	Adidas	Mens Revelrun M Running Shoes	4.0 out of 5 stars	(26)	2,199	₹3,999	(45% off)	https://m.media-amazon.com/images/I/71QJu214byL._AC_UL320_.jpg	4	228
229	Adidas	Men's Energyfalcon Running Shoe	3.7 out of 5 stars	(212)	3,500	₹6,999	(50% off)	https://m.media-amazon.com/images/I/71e+Y9lGjgL._AC_UL320_.jpg	4	229
230	Adidas	Men's Consoto M Running Shoes	4.0 out of 5 stars	(1,102)	2,989	₹4,599	(35% off)	https://m.media-amazon.com/images/I/71IGzIUb3UL._AC_UL320_.jpg	4	230
231	Adidas	Women's Skinny Tights	3.9 out of 5 stars	(4)	1,586	₹2,499	(36% off)	https://m.media-amazon.com/images/I/6143p3XYjPL._AC_UL320_.jpg	4	231
232	Nike	Men Flex Contact 3 Running Shoes	3.7 out of 5 stars	(719)	4,981	₹5,995	(17% off)	https://m.media-amazon.com/images/I/61vL+U3JQEL._AC_UL320_.jpg	5	232
233	Adidas	Men's Rush M Running Shoe	4.1 out of 5 stars	(629)	2,150	₹4,299	(50% off)	https://m.media-amazon.com/images/I/811+ABVsNZL._AC_UL320_.jpg	4	233
234	Adidas	Mens M Sl Sj To Pt Pants (Gk9222_2Xl, Black, 2Xl)	4.5 out of 5 stars	(23)	1,609	₹2,299	(30% off)	https://m.media-amazon.com/images/I/410HldvVMsL._AC_UL320_.jpg	4	234
235	Adidas	Men's Mistico M Flip-Flop	\N	\N	360	₹799	(55% off)	https://m.media-amazon.com/images/I/61BxHTRXGRL._AC_UL320_.jpg	4	235
236	Adidas	Men's Sport Inspired Glenn M Shoes	4.1 out of 5 stars	(2,459)	1,624	₹2,499	(35% off)	https://m.media-amazon.com/images/I/71d0wXMFZ4L._AC_UL320_.jpg	4	236
237	Adidas	Original Select Terry Low Cut Cotton Socks - 2 Pairs (4N) (AD-0845) (Grey Mel/Dark Blue)	\N	\N	399	\N	\N	https://m.media-amazon.com/images/I/71DBZFpSlQL._AC_UL320_.jpg	4	237
238	Adidas	Men's Vl Court 2.0 Skateboarding Shoe	3.9 out of 5 stars	(406)	3,299	₹5,999	(45% off)	https://m.media-amazon.com/images/I/51QDV5pl--L._AC_UL320_.jpg	4	238
239	Nike	Black Run Swift 2 Men's Road Running Shoes	\N	\N	5,450	₹5,495	(1% off)	https://m.media-amazon.com/images/I/31g1lNwxy0L._AC_UL320_.jpg	5	239
240	Nike	GRD SCHOOL UNSX_BACKPACK_Y NK CLASSIC BKPK_MAGIC EMBER/PURPLE NEBULA/INFINITE LILAC_BA5928-814-MISC	4.1 out of 5 stars	(21)	1,369	₹1,995	(31% off)	https://m.media-amazon.com/images/I/61+F0gmdfIL._AC_UL320_.jpg	5	240
241	Nike	Womens W React Infinity Run Fk Running Shoes 7.5 US, Platinum Tint/Black-Pink Blast	4.2 out of 5 stars	(24)	6,770	₹13,995	(52% off)	https://m.media-amazon.com/images/I/71yNQC9wZEL._AC_UL320_.jpg	5	241
242	Nike	New Run Swift 2 Road Running Shoes Sneakers - Summit White (CU3517-101)	\N	\N	5,495	\N	\N	https://m.media-amazon.com/images/I/31RSiRO9GlL._AC_UL320_.jpg	5	242
243	Nike	Mens M Air Max Alpha Trainer 5 Running Shoe	5.0 out of 5 stars	(2)	\N	\N	\N	https://m.media-amazon.com/images/I/51bgMTBA0AL._AC_UL320_.jpg	5	243
244	Nike	Spandex Football Gloves (NK GK MATCH-FA19-BLACK/WHITE_GS3882-010-6)	4.1 out of 5 stars	(18)	1,149	₹1,795	(36% off)	https://m.media-amazon.com/images/I/813rjLuPVEL._AC_UL320_.jpg	5	244
245	Adidas	Men's Coset Ii Ms Slippers	4.0 out of 5 stars	(285)	1,299	₹1,499	(13% off)	https://m.media-amazon.com/images/I/81QT+1GRSsL._AC_UL320_.jpg	4	245
246	Adidas	Womens Kaptir Super Running Shoe	4.0 out of 5 stars	(68)	4,949	₹8,999	(45% off)	https://m.media-amazon.com/images/I/61XO+-TF-ML._AC_UL320_.jpg	4	246
247	Adidas	Men's Cotton M 3S Tape Tt Track Tops (Gm1193_Xs, Black, Xs)	\N	\N	1,720	₹3,999	(57% off)	https://m.media-amazon.com/images/I/81OP8rKhCIL._AC_UL320_.jpg	4	247
248	Adidas	Womens Adi Ease W Running Shoe	4.2 out of 5 stars	(656)	1,889	₹2,699	(30% off)	https://m.media-amazon.com/images/I/71byhuWGzuL._AC_UL320_.jpg	4	248
249	Adidas	Mens M Bl Sj T T-Shirt (Ht3391_2Xl, White/Black, 2Xl)	3.6 out of 5 stars	(17)	813	₹1,399	(42% off)	https://m.media-amazon.com/images/I/61NvifXEezL._AC_UL320_.jpg	4	249
250	Adidas	Womens Vertago W Running Shoes	4.3 out of 5 stars	(170)	1,695	₹2,999	(43% off)	https://m.media-amazon.com/images/I/71-vFjoyrFL._AC_UL320_.jpg	4	250
251	Nike	girls Nike Downshifter 9 (Psv) Running Shoe	4.6 out of 5 stars	(30)	2,474	₹3,695	(33% off)	https://m.media-amazon.com/images/I/71eL9KViFFL._AC_UL320_.jpg	5	251
252	Nike	MC Trainer 2 Men's Training Shoes	\N	\N	5,690	₹5,695	\N	https://m.media-amazon.com/images/I/61ybqq-S4UL._AC_UL320_.jpg	5	252
253	Nike	Mens Revolution 6 Flyease Nn Running Shoe	4.4 out of 5 stars	(72)	3,589	₹3,695	(3% off)	https://m.media-amazon.com/images/I/81lxuyku8cL._AC_UL320_.jpg	5	253
254	Nike	Womens W Victori One Slide Print Slides	4.5 out of 5 stars	(5)	2,154	₹2,595	(17% off)	https://m.media-amazon.com/images/I/61T1dHAiqJL._AC_UL320_.jpg	5	254
255	Nike	Unisex-Child Air Zoom Pegasus 37 (Gs) Young Athletes	4.3 out of 5 stars	(62)	4,463	₹6,995	(36% off)	https://m.media-amazon.com/images/I/71GDvRrI02L._AC_UL320_.jpg	5	255
256	Nike	Boys Jr Vapor 13 Club MDS Fg/Mg Football Shoes	4.6 out of 5 stars	(45)	2,409	₹3,695	(35% off)	https://m.media-amazon.com/images/I/61fRYnlvVlS._AC_UL320_.jpg	5	256
257	Adidas	Women's Regular Fit T-Shirt	4.2 out of 5 stars	(41)	614	₹1,199	(49% off)	https://m.media-amazon.com/images/I/71o++BD9koS._AC_UL320_.jpg	4	257
258	Adidas	Men's Comfort Flip Flop Slides	3.9 out of 5 stars	(315)	1,949	₹2,999	(35% off)	https://m.media-amazon.com/images/I/613QLn1FbDS._AC_UL320_.jpg	4	258
259	Adidas	Mens Aerojolt M Running Shoes	3.5 out of 5 stars	(33)	3,000	₹5,999	(50% off)	https://m.media-amazon.com/images/I/81FnynjUZnL._AC_UL320_.jpg	4	259
260	Reebok	Adidas Head Band - Collegiate Burgundy	4.1 out of 5 stars	(36)	999	₹1,199	(17% off)	https://m.media-amazon.com/images/I/A1+0Y5WSJcL._AC_UL320_.jpg	4	260
261	Adidas	Men's Uniflow M Running Shoe	4.0 out of 5 stars	(676)	2,309	₹3,299	(30% off)	https://m.media-amazon.com/images/I/71yValEqPrL._AC_UL320_.jpg	4	261
262	Adidas	Women's Regular Tights	4.4 out of 5 stars	(30)	1,211	₹1,799	(33% off)	https://m.media-amazon.com/images/I/61ZkGU1xmSL._AC_UL320_.jpg	4	262
263	Nike	Mens Quest 5 Running Shoe	\N	\N	6,295	\N	\N	https://m.media-amazon.com/images/I/51ki1xbsK6L._AC_UL320_.jpg	5	263
264	Nike'	Women's Regular Short Sleeve T-Shirt	3.9 out of 5 stars	(25)	709	₹1,295	(45% off)	https://m.media-amazon.com/images/I/91sz9phNHmL._AC_UL320_.jpg	5	264
265	Nike	Women's Joyride Run Shoes	4.0 out of 5 stars	(247)	10,099	₹14,995	(33% off)	https://m.media-amazon.com/images/I/71BIKBRQK9L._AC_UL320_.jpg	5	265
266	Nike	Men's Flex Experience Rn 10 Black/Orrange Running Shoe-7 Kids UK (CI9960-402)	5.0 out of 5 stars	(1)	2,807	₹4,995	(44% off)	https://m.media-amazon.com/images/I/81cq20rquSL._AC_UL320_.jpg	5	266
267	Nike	Mens Air Winflo 9 Running Shoes	\N	\N	8,018	₹8,495	(6% off)	https://m.media-amazon.com/images/I/71RsM3xy9mL._AC_UL320_.jpg	5	267
268	Nike	Mens Giannis Immortality Basketball Shoe	5.0 out of 5 stars	(4)	\N	\N	\N	https://m.media-amazon.com/images/I/51oOyYaXubL._AC_UL320_.jpg	5	268
269	Adidas	mens Hachi 2.0 Running Shoes	3.8 out of 5 stars	(209)	2,799	₹3,999	(30% off)	https://m.media-amazon.com/images/I/816PUKdY91L._AC_UL320_.jpg	4	269
270	Adidas	Mens M 3S Sj T T-Shirt (Gl3734_2Xl, Legend Ink, 2Xl)	4.7 out of 5 stars	(30)	969	₹1,499	(35% off)	https://m.media-amazon.com/images/I/51R9+I2u4TL._AC_UL320_.jpg	4	270
271	Adidas	Mens Glick M Running Shoes	3.9 out of 5 stars	(869)	2,339	₹3,599	(35% off)	https://m.media-amazon.com/images/I/81ImjPM7vWL._AC_UL320_.jpg	4	271
272	Adidas	Womens Literunner W Running Shoe	4.2 out of 5 stars	(682)	1,808	₹2,699	(33% off)	https://m.media-amazon.com/images/I/61fcVae7y9S._AC_UL320_.jpg	4	272
273	Adidas	Mens X Speedportal.4 Tf Football Shoe	3.8 out of 5 stars	(11)	3,499	₹4,999	(30% off)	https://m.media-amazon.com/images/I/61UczLDYuuL._AC_UL320_.jpg	4	273
274	Adidas	Men's Flat	4.1 out of 5 stars	(22)	1,374	₹2,499	(45% off)	https://m.media-amazon.com/images/I/51+ZzxW579L._AC_UL320_.jpg	4	274
275	Nike	Mens Legend 9 Academy Tf Running Shoe	\N	\N	5,879	₹6,995	(16% off)	https://m.media-amazon.com/images/I/81N6B+yks5L._AC_UL320_.jpg	5	275
276	Nike	Boys Revolution 3 (GS) Pure Platinum/Pink Blast/Wolf Grey/White Running Shoes-6 UK (6.5 US) (819416-007)	2.7 out of 5 stars	(8)	2,714	₹3,495	(22% off)	https://m.media-amazon.com/images/I/812cWPVS1DL._AC_UL320_.jpg	5	276
277	Nike	Boy's Court Royale (Gs) Young Athletes	4.2 out of 5 stars	(167)	2,239	₹3,795	(41% off)	https://m.media-amazon.com/images/I/71TRmoFoTkL._AC_UL320_.jpg	5	277
278	Nike	Womens WMNS AIR MAX EXCEE White/Black-University Red-MTLC Platinum Running Shoe - 5 UK (CD5432-118)	5.0 out of 5 stars	(2)	6,458	₹7,995	(19% off)	https://m.media-amazon.com/images/I/61dxTCB5JZL._AC_UL320_.jpg	5	278
279	Nike	Unisex Kids Sweatshirt	3.9 out of 5 stars	(25)	1,643	₹1,995	(18% off)	https://m.media-amazon.com/images/I/81-Pzyu6foL._AC_UL320_.jpg	5	279
280	Nike	Mens Air Max Impact 4 Running Shoe	\N	\N	6,796	₹8,495	(20% off)	https://m.media-amazon.com/images/I/814dQ6HGSOL._AC_UL320_.jpg	5	280
281	Nike	Adult Unisex_Tote_NK Heritage Tote_Natural/Team Orange/White_BA5839-120_MISC	4.4 out of 5 stars	(63)	1,299	₹1,695	(23% off)	https://m.media-amazon.com/images/I/31kn6MD04kL._AC_UL320_.jpg	5	281
282	Adidas	Men's Regular T-Shirt	4.2 out of 5 stars	(82)	1,599	\N	\N	https://m.media-amazon.com/images/I/71FE+bUrosL._AC_UL320_.jpg	4	282
283	Adidas	Mens Crinu Cricket Shoe	4.0 out of 5 stars	(7)	2,665	₹4,299	(38% off)	https://m.media-amazon.com/images/I/318hCnxBV2L._AC_UL320_.jpg	4	283
284	Adidas	Mens M Pl Ps Polo Shirt (Hl4705_2Xl, Green Oxide/Black, 2Xl)	\N	\N	1,119	₹1,599	(30% off)	https://m.media-amazon.com/images/I/81DdFt1OoOL._AC_UL320_.jpg	4	284
285	Adidas	Unisex-Adult Adilette Aqua Flip Flop & Slipper	3.7 out of 5 stars	(5)	1,609	₹2,299	(30% off)	https://m.media-amazon.com/images/I/61KwebUFJwL._AC_UL320_.jpg	4	285
286	Adidas	Mens M Sth Aop Tee T-Shirt (Hs6102_2Xl, Black/Silver Met, 2Xl)	1.0 out of 5 stars	(1)	1,259	₹1,799	(30% off)	https://m.media-amazon.com/images/I/41fgMhKpNbL._AC_UL320_.jpg	4	286
287	Adidas	Mens M Sereno Pt Pants (Hg0261_2Xl, Black/Scarlet, 2Xl)	3.1 out of 5 stars	(12)	1,979	₹2,799	(29% off)	https://m.media-amazon.com/images/I/41N1C4HVJIL._AC_UL320_.jpg	4	287
288	Nike	Mens Jordan Max Aura 3 Basketball Shoe	4.2 out of 5 stars	(110)	10,295	\N	\N	https://m.media-amazon.com/images/I/71S7oF08bHL._AC_UL320_.jpg	5	288
289	Nike	Unisex-Child Flex Experience 5 (Gs) Running Shoe	3.8 out of 5 stars	(33)	2,424	₹4,395	(45% off)	https://m.media-amazon.com/images/I/81Pyqr1pdIL._AC_UL320_.jpg	5	289
290	Nike	Unisex-Child Revolution 5 Fire (PSV) Young Athletes	4.1 out of 5 stars	(26)	1,749	₹3,495	(50% off)	https://m.media-amazon.com/images/I/61C6q1A+mAL._AC_UL320_.jpg	5	290
291	Nike	mens Nike Air Max 2021 Sneaker	3.9 out of 5 stars	(23)	11,199	₹14,495	(23% off)	https://m.media-amazon.com/images/I/61IFdQEnJ9L._AC_UL320_.jpg	5	291
292	Nike	Womens Air Zoom Vomero 14 Running Shoe	4.6 out of 5 stars	(22)	8,649	₹11,995	(28% off)	https://m.media-amazon.com/images/I/719q+nAm+dL._AC_UL320_.jpg	5	292
293	Nike	Women Tights	\N	\N	2,449	₹3,495	(30% off)	https://m.media-amazon.com/images/I/617b3vAV2wL._AC_UL320_.jpg	5	293
294	Adidas	Men's Regular Sports Joggers	3.5 out of 5 stars	(14)	1,959	₹2,799	(30% off)	https://m.media-amazon.com/images/I/61mGydBqavL._AC_UL320_.jpg	4	294
295	Adidas	Mens Adilette Comfort Adj Slides	3.8 out of 5 stars	(66)	2,299	₹4,599	(50% off)	https://m.media-amazon.com/images/I/71jT+twMUgL._AC_UL320_.jpg	4	295
296	Adidas	Regular Fit Men's T Shirts	3.8 out of 5 stars	(21)	599	₹1,499	(60% off)	https://m.media-amazon.com/images/I/81x3Ret5MhL._AC_UL320_.jpg	4	296
297	Adidas	Mens Runfalcon 2.0 Running Shoe	4.0 out of 5 stars	(1,222)	4,487	₹6,599	(32% off)	https://m.media-amazon.com/images/I/71qnnAKThuS._AC_UL320_.jpg	4	297
298	Adidas	mens ANKLE SOCKS	3.7 out of 5 stars	(1,785)	299	₹549	(46% off)	https://m.media-amazon.com/images/I/71Hlsh9bZ7L._AC_UL320_.jpg	4	298
299	Adidas	Mens Floatrise M Running Shoes	3.8 out of 5 stars	(4)	1,730	₹3,999	(57% off)	https://m.media-amazon.com/images/I/7106K7eHRFL._AC_UL320_.jpg	4	299
300	Adidas	unisex-adult Socks	4.5 out of 5 stars	(256)	899	₹999	(10% off)	https://m.media-amazon.com/images/I/91z-Sz2Ic5L._AC_UL320_.jpg	4	300
301	Nike	Women's WMNS City Trainer Multisport Training Shoes	4.1 out of 5 stars	(324)	2,834	₹4,995	(43% off)	https://m.media-amazon.com/images/I/61604cf-KcL._AC_UL320_.jpg	5	301
302	Nike	Unisex-Child Jr Vapor 13 Club NJR Tf Football Shoes	3.4 out of 5 stars	(8)	3,164	₹4,495	(30% off)	https://m.media-amazon.com/images/I/71a-srCiOXS._AC_UL320_.jpg	5	302
303	Nike	Women's Free Rn 5.0 2020 Running Shoe	4.1 out of 5 stars	(46)	4,492	₹7,995	(44% off)	https://m.media-amazon.com/images/I/61XagXsXhHL._AC_UL320_.jpg	5	303
304	Nike	Unisex-Child Tanjun (Gs) Running Shoe	4.2 out of 5 stars	(69)	3,863	₹4,495	(14% off)	https://m.media-amazon.com/images/I/71FMdNEZ1aL._AC_UL320_.jpg	5	304
305	Nike	Men's Court Vision Lo Nn Leather Sneaker	4.3 out of 5 stars	(789)	4,990	₹4,995	\N	https://m.media-amazon.com/images/I/71GPBeHflQL._AC_UL320_.jpg	5	305
306	Nike	Air Elemental Backpack 22L Rucksack School Gym Sports Bag Womens Girl Pink Purple Berry', ACTIVE FUCHSIA/BLACK/WHITE Misc	4.7 out of 5 stars	(7)	1,695	₹1,995	(15% off)	https://m.media-amazon.com/images/I/51H7uR4eiDL._AC_UL320_.jpg	5	306
307	Adidas	Mens Response Super 2.0 Running Shoes	4.0 out of 5 stars	(49)	5,399	₹8,999	(40% off)	https://m.media-amazon.com/images/I/81wn9EaqLGL._AC_UL320_.jpg	4	307
308	Adidas	Mens M Gg Big Bos Hd Sweatshirt (Hk9826_2Xl, Impact Yellow/Impact Yellow, 2Xl)	5.0 out of 5 stars	(2)	2,939	₹4,599	(36% off)	https://m.media-amazon.com/images/I/81jprSCRIbL._AC_UL320_.jpg	4	308
309	Adidas	Unisex-Adult Harden Stepback 3 Basketball Shoe	4.6 out of 5 stars	(14)	3,799	₹8,999	(58% off)	https://m.media-amazon.com/images/I/81Y6aABR-CL._AC_UL320_.jpg	4	309
310	Adidas	Original Full Cushion Low Cut Cotton Socks - 2 Pairs (4N) (AD-0850) (Black/Grey Mel)	\N	\N	399	\N	\N	https://m.media-amazon.com/images/I/71vek2RlyXL._AC_UL320_.jpg	4	310
311	Nike	Mens Zoom Fly 4 Running Shoe	\N	\N	11,759	₹14,495	(19% off)	https://m.media-amazon.com/images/I/81Onl0xys8L._AC_UL320_.jpg	5	311
312	Nike	Man Eau De Toilette Natural Spray, 100 Ml (Green)	3.7 out of 5 stars	(53)	831	₹998	(17% off)	https://m.media-amazon.com/images/I/712lk+mf+DL._AC_UL320_.jpg	5	312
313	Nike	Men's Sb Portmore Ii SLR SLP C Skateboarding Shoes	3.5 out of 5 stars	(108)	3,049	₹4,995	(39% off)	https://m.media-amazon.com/images/I/71uiV4381dL._AC_UL320_.jpg	5	313
314	Nike	Mens M Zoom Court Pro Hc Running Shoe	3.9 out of 5 stars	(5)	7,261	₹8,895	(18% off)	https://m.media-amazon.com/images/I/716i8TkNtUL._AC_UL320_.jpg	5	314
315	Nike	mens Nike Offcourt Sliders	4.5 out of 5 stars	(58)	1,671	₹2,495	(33% off)	https://m.media-amazon.com/images/I/61HewniBtaL._AC_UL320_.jpg	5	315
316	Nike	Womens W Renew in-Season Tr 11 PRM Training Shoe	5.0 out of 5 stars	(1)	4,736	₹6,795	(30% off)	https://m.media-amazon.com/images/I/51aLy6-CZuL._AC_UL320_.jpg	5	316
317	Nike	Mens React Infinity Run Flyknit Running Shoes	4.1 out of 5 stars	(207)	10,089	₹13,995	(28% off)	https://m.media-amazon.com/images/I/81qUrW3d7XL._AC_UL320_.jpg	5	317
318	Nike	Womens WMNS Free Rn 5.0 Running Shoe	3.9 out of 5 stars	(1,464)	5,324	₹7,995	(33% off)	https://m.media-amazon.com/images/I/71zwFivokaL._AC_UL320_.jpg	5	318
319	Nike'	Mens Speedrep Cross Trainer	3.7 out of 5 stars	(45)	4,042	₹7,195	(44% off)	https://m.media-amazon.com/images/I/71swg4T7WCS._AC_UL320_.jpg	5	319
320	Nike	Women's Casual	3.9 out of 5 stars	(6)	2,249	₹4,995	(55% off)	https://m.media-amazon.com/images/I/81I4yAM2KEL._AC_UL320_.jpg	5	320
321	Nike	Men's Relaxed Short Sleeve TOP	3.5 out of 5 stars	(17)	1,580	₹3,995	(60% off)	https://m.media-amazon.com/images/I/91Uyr+IMbLL._AC_UL320_.jpg	7	321
322	Nike	Unisex-Child Jr MercurialX Vrtx Iii NJR Ic Football Shoes	4.8 out of 5 stars	(17)	2,139	₹3,795	(44% off)	https://m.media-amazon.com/images/I/81R+1yN8O5L._AC_UL320_.jpg	7	322
323	Nike	Women's Blouson (831178-010 Black_Large L)	4.0 out of 5 stars	(1)	3,706	₹5,095	(27% off)	https://m.media-amazon.com/images/I/41cfFqNGmFL._AC_UL320_.jpg	7	323
324	Nike	Womens W Renew Run 3 Running Shoe	5.0 out of 5 stars	(1)	6,224	₹7,495	(17% off)	https://m.media-amazon.com/images/I/71An6AtrOwL._AC_UL320_.jpg	7	324
325	Nike	Girls Flex Rn 2019 Running Shoes	4.0 out of 5 stars	(7)	3,967	₹6,995	(43% off)	https://m.media-amazon.com/images/I/610Bx2QR2EL._AC_UL320_.jpg	7	325
326	Nike	Unisex Kids Downshifter 9 JDI (GS) Stellar White-Indigo Haze Road Running Shoe (CJ7234-500)	3.0 out of 5 stars	(2)	2,539	₹3,795	(33% off)	https://m.media-amazon.com/images/I/71y3aZNEqPL._AC_UL320_.jpg	7	326
327	Nike	Men's Flex Experience RN 10 Dark Obsidian/Hyper Crimson Running Shoe (CI9960-402)	3.7 out of 5 stars	(3)	2,807	₹4,995	(44% off)	https://m.media-amazon.com/images/I/81cq20rquSL._AC_UL320_.jpg	7	327
328	Nike	Women's WMNS Gts '16 Txt Black/White Running Shoe-5.5 B(M) US UK (840306-010)	4.1 out of 5 stars	(8)	2,814	₹4,495	(37% off)	https://m.media-amazon.com/images/I/61abp7+CJDL._AC_UL320_.jpg	7	328
329	Nike	Mens Court Vision Mid Nn Basketball Shoe	4.1 out of 5 stars	(11)	3,836	₹5,995	(36% off)	https://m.media-amazon.com/images/I/71i2NKq5M0L._AC_UL320_.jpg	7	329
330	Nike	Men's Air Vapormax 2019 Running Shoes	3.2 out of 5 stars	(316)	9,019	₹15,995	(44% off)	https://m.media-amazon.com/images/I/81I33nWFENS._AC_UL320_.jpg	7	330
331	Nike	Women Bra	\N	\N	627	₹1,695	(63% off)	https://m.media-amazon.com/images/I/319URZ62BtL._AC_UL320_.jpg	7	331
332	Nike	Unisex-Adult Tiempo Legend 8 Club Tf Football Shoe	4.0 out of 5 stars	(50)	3,239	₹4,495	(28% off)	https://m.media-amazon.com/images/I/61INUoR+5KL._AC_UL320_.jpg	7	332
333	Nike	Mens Downshifter 11 |Men-Shoes Sneaker	3.9 out of 5 stars	(1,420)	3,995	\N	\N	https://m.media-amazon.com/images/I/51EH+HcAC7L._AC_UL320_.jpg	7	333
334	Nike	Womens WMNS React Infinity Run Fk PRM Running Shoe	3.9 out of 5 stars	(38)	10,819	₹14,995	(28% off)	https://m.media-amazon.com/images/I/61k+LPXYVqL._AC_UL320_.jpg	7	334
335	Nike	Mens Court Royale 2 Sneaker	4.3 out of 5 stars	(541)	3,990	₹3,995	\N	https://m.media-amazon.com/images/I/71vKEhZLg1L._AC_UL320_.jpg	7	335
336	Nike	unisex-child Sunray Adjust 5 V2 (Gs/Ps) Sandal	4.5 out of 5 stars	(224)	1,436	₹2,495	(42% off)	https://m.media-amazon.com/images/I/71x1WUqKMeL._AC_UL320_.jpg	7	336
337	Nike	Boys Downshifter 9 (GS) Black/White-Anthracite-Cool Grey Running Shoes	4.6 out of 5 stars	(78)	2,479	₹3,795	(35% off)	https://m.media-amazon.com/images/I/71PvWjMpHJL._AC_UL320_.jpg	7	337
338	Nike	AIR Winflo 9 Mens Running Shoes	1.0 out of 5 stars	(1)	8,490	₹8,495	\N	https://m.media-amazon.com/images/I/41wjgQRRd2L._AC_UL320_.jpg	7	338
339	Adidas	Women Sweatshirt	4.5 out of 5 stars	(2)	1,789	₹2,999	(40% off)	https://m.media-amazon.com/images/I/71Tw32atc9L._AC_UL320_.jpg	6	339
340	Adidas	Unisex-Child Heron Walk 1.0 K Running Shoe	\N	\N	1,819	₹2,799	(35% off)	https://m.media-amazon.com/images/I/81mGjrn+HuL._AC_UL320_.jpg	6	340
341	Adidas	Women's T-Shirt	3.7 out of 5 stars	(14)	749	₹1,499	(50% off)	https://m.media-amazon.com/images/I/71-zsPkW1JL._AC_UL320_.jpg	6	341
342	Adidas	Womens Puremotion Running Shoe	3.8 out of 5 stars	(24)	3,629	₹6,599	(45% off)	https://m.media-amazon.com/images/I/71tJVFYawBL._AC_UL320_.jpg	6	342
343	Adidas	Men's Kzh14 Water Shoe	4.1 out of 5 stars	(3,195)	1,839	₹2,299	(20% off)	https://m.media-amazon.com/images/I/61U2U9rfW8L._AC_UL320_.jpg	6	343
344	Adidas	Mens Grand Court Tennis Shoe	4.1 out of 5 stars	(9,540)	2,555	₹5,599	(54% off)	https://m.media-amazon.com/images/I/71zeRZhrQaL._AC_UL320_.jpg	6	344
345	Adidas	Mens M Ht El Tee T-Shirt (Hs8145_2Xl, Linen Green/White, 2Xl)	\N	\N	1,049	₹1,499	(30% off)	https://m.media-amazon.com/images/I/41ZbfqYZPzL._AC_UL320_.jpg	6	345
346	Adidas	Mens Apexo M Shoes	3.9 out of 5 stars	(141)	1,937	₹3,799	(49% off)	https://m.media-amazon.com/images/I/81hMFh2LgQL._AC_UL320_.jpg	6	346
347	Adidas	Men's Flat	3.6 out of 5 stars	(14)	740	₹1,799	(59% off)	https://m.media-amazon.com/images/I/71Ar7DUVqnL._AC_UL320_.jpg	6	347
348	Adidas	Mens Ultraboost 22 Running Shoes	4.3 out of 5 stars	(161)	18,999	\N	\N	https://m.media-amazon.com/images/I/61CmpSS8INL._AC_UL320_.jpg	6	348
349	Adidas	Womens Puremotion Se Running Shoes	3.9 out of 5 stars	(7)	4,154	₹6,999	(41% off)	https://m.media-amazon.com/images/I/61kxsys1u4L._AC_UL320_.jpg	6	349
350	Adidas	Men's Flat Jacket	4.0 out of 5 stars	(8)	5,599	₹7,999	(30% off)	https://m.media-amazon.com/images/I/71OxaR10RRL._AC_UL320_.jpg	6	350
351	Adidas	Mens Adi Streak M Running Shoe	4.0 out of 5 stars	(58)	2,799	₹5,599	(50% off)	https://m.media-amazon.com/images/I/71whIVInw9L._AC_UL320_.jpg	6	351
352	Adidas	Unisex-Adult X 22.3 Fg Football Shoe	5.0 out of 5 stars	(2)	5,949	₹6,999	(15% off)	https://m.media-amazon.com/images/I/81BRtz+RZaL._AC_UL320_.jpg	6	352
353	Adidas	Original Flat Knit Low Cut Cotton Socks - 2 Pairs (4N) (AD-0843) (Black/Grey Mel)	\N	\N	399	\N	\N	https://m.media-amazon.com/images/I/710yqD+7AHL._AC_UL320_.jpg	6	353
354	Adidas	Unisex-Child Grand Court K Tennis Shoes	4.5 out of 5 stars	(2,791)	2,364	₹4,299	(45% off)	https://m.media-amazon.com/images/I/61pPcY6edlL._AC_UL320_.jpg	6	354
355	Adidas	Womens Courtset Tennis Shoe	4.1 out of 5 stars	(42)	2,500	₹4,999	(50% off)	https://m.media-amazon.com/images/I/71yIDED+dDL._AC_UL320_.jpg	6	355
356	Adidas	Womens Galaxy Q Running Shoes	4.4 out of 5 stars	(25)	3,359	₹5,599	(40% off)	https://m.media-amazon.com/images/I/61Hv5G15s+L._AC_UL320_.jpg	6	356
357	Adidas	Mens Cotton M Feelcozy Swt Sweatshirt (Gv5295_2xl, Black/white, 2xl)	5.0 out of 5 stars	(1)	1,752	₹2,999	(42% off)	https://m.media-amazon.com/images/I/51DqgaIhL4L._AC_UL320_.jpg	6	357
358	Adidas	Men's Distincto M Slides	4.2 out of 5 stars	(57)	999	₹1,999	(50% off)	https://m.media-amazon.com/images/I/71CQfqYjLqL._AC_UL320_.jpg	6	358
359	Adidas	Men's Fassar Sandal	4.2 out of 5 stars	(1,767)	1,120	₹2,799	(60% off)	https://m.media-amazon.com/images/I/81vk10P7kHL._AC_UL320_.jpg	6	359
360	Adidas	Mens Daily 3.0 CLN Shoes	3.7 out of 5 stars	(11)	3,899	₹5,999	(35% off)	https://m.media-amazon.com/images/I/81KbkatpPuL._AC_UL320_.jpg	6	360
361	Adidas	Men Flat(HG2735_White/Black_2XL)	\N	\N	1,339	₹1,999	(33% off)	https://m.media-amazon.com/images/I/71iIafBGuXL._AC_UL320_.jpg	6	361
362	Adidas	Mens Advantage Tennis Shoes	3.0 out of 5 stars	(2)	4,289	₹6,599	(35% off)	https://m.media-amazon.com/images/I/41YMo67l3qL._AC_UL320_.jpg	6	362
363	Adidas	Men's' T-Shirts	4.4 out of 5 stars	(8)	3,499	₹4,999	(30% off)	https://m.media-amazon.com/images/I/61Xjdm3yPfL._AC_UL320_.jpg	6	363
364	Adidas	Womens Lite Racer 3.0 Running Shoes	4.0 out of 5 stars	(115)	2,529	₹4,599	(45% off)	https://m.media-amazon.com/images/I/61FLQIShwdL._AC_UL320_.jpg	6	364
365	Adidas	Men's Jackets	\N	\N	6,299	₹8,999	(30% off)	https://m.media-amazon.com/images/I/51zBOyGZoAL._AC_UL320_.jpg	6	365
366	Adidas	Mens Textile Ultraboost 5.0 DNA Running Shoes	3.8 out of 5 stars	(7)	11,219	₹16,999	(34% off)	https://m.media-amazon.com/images/I/61V0IF8Q3-L._AC_UL320_.jpg	6	366
367	Adidas	Mens Stunicon M Running Shoes	4.1 out of 5 stars	(113)	2,299	₹4,599	(50% off)	https://m.media-amazon.com/images/I/81kUaJUvqJL._AC_UL320_.jpg	6	367
368	Adidas	Mens M Bl Fl Swt Sweatshirt	\N	\N	2,346	₹3,599	(35% off)	https://m.media-amazon.com/images/I/41UgrMxXh4L._AC_UL320_.jpg	6	368
369	Adidas	Mens Eq21 Run Running Shoes	4.0 out of 5 stars	(499)	5,159	₹8,599	(40% off)	https://m.media-amazon.com/images/I/61oErYt6nVL._AC_UL320_.jpg	6	369
370	Adidas	Men's Mistico M Slides	3.8 out of 5 stars	(133)	346	₹799	(57% off)	https://m.media-amazon.com/images/I/61ElQbNQlYL._AC_UL320_.jpg	6	370
371	Adidas	Original Select Terry Low Cut Cotton Socks - 2 Pairs (4N) (AD-0841) (Dark Blue/Anthra Mel)	\N	\N	399	\N	\N	https://m.media-amazon.com/images/I/71KgHpY2fuL._AC_UL320_.jpg	6	371
372	Adidas	Unisex-Adult Advantage Tennis Shoe	4.2 out of 5 stars	(340)	3,500	₹6,999	(50% off)	https://m.media-amazon.com/images/I/711diEkpjVL._AC_UL320_.jpg	6	372
373	Adidas	Womens Duramo Sl Running Shoes	3.9 out of 5 stars	(2,108)	3,000	₹5,999	(50% off)	https://m.media-amazon.com/images/I/81dhYjlj-HL._AC_UL320_.jpg	6	373
374	Adidas	Original Flat Knit Ankle Cotton Socks - 2 Pairs (4N) (AD-0839) (Anthra Mel/Grey Mel)	\N	\N	399	\N	\N	https://m.media-amazon.com/images/I/81qOhlZ99XL._AC_UL320_.jpg	6	374
375	Adidas	Mens Lite Racer CLN 2.0 Shoes	4.1 out of 5 stars	(156)	2,744	₹4,999	(45% off)	https://m.media-amazon.com/images/I/71oDD6u5loL._AC_UL320_.jpg	6	375
376	Adidas	Mens Valrun M Running Shoes	3.8 out of 5 stars	(66)	2,759	₹4,599	(40% off)	https://m.media-amazon.com/images/I/71y52MMN8HL._AC_UL320_.jpg	6	376
377	Adidas	Unisex Train Glove Gr Gloves (Ha5553-L, Black/White, L)	5.0 out of 5 stars	(2)	1,103	₹2,799	(61% off)	https://m.media-amazon.com/images/I/61WYgg0wMUL._AC_UL320_.jpg	6	377
378	Adidas	Mens Run Stunner M Shoes	4.2 out of 5 stars	(5)	2,999	₹4,999	(40% off)	https://m.media-amazon.com/images/I/61xPbLjjbIL._AC_UL320_.jpg	6	378
379	Adidas	Mens Adispree 2.0 M Running Shoes	3.7 out of 5 stars	(241)	2,314	\N	\N	https://m.media-amazon.com/images/I/81MaROqd42L._AC_UL320_.jpg	6	379
380	Adidas	Mens Aditron M Running Shoe	5.0 out of 5 stars	(2)	2,399	₹3,999	(40% off)	https://m.media-amazon.com/images/I/41z99VL1fpL._AC_UL320_.jpg	6	380
381	Adidas	Men 100% Polyester M 3S TR TT TS Sports Tracksuit BLACK/WHITE/BLACK/WHITE ( L )	\N	\N	3,359	₹4,799	(30% off)	https://m.media-amazon.com/images/I/41aVdYVsuSL._AC_UL320_.jpg	6	381
382	Adidas	Mens Questar Running Shoes	\N	\N	6,239	₹7,999	(22% off)	https://m.media-amazon.com/images/I/718rPnWJBTL._AC_UL320_.jpg	6	382
383	Adidas	Unisex-Child X Speedflow.4 FxG J Football Shoe	2.8 out of 5 stars	(3)	1,815	₹3,999	(55% off)	https://m.media-amazon.com/images/I/61M1HHtYWEL._AC_UL320_.jpg	6	383
384	Adidas	Mens Tivid R.rdy Shoes	4.4 out of 5 stars	(8)	5,277	₹8,999	(41% off)	https://m.media-amazon.com/images/I/515v1udI5XL._AC_UL320_.jpg	6	384
385	Adidas	Men's Trigno Sandals	3.2 out of 5 stars	(55)	1,609	₹2,299	(30% off)	https://m.media-amazon.com/images/I/61T1tWwsirL._AC_UL320_.jpg	6	385
386	Adidas	Mens Eq19 Run HALSIL/WONSTE/SILVMT Running Shoes - 11 UK (GY4714)	\N	\N	5,609	₹6,599	(15% off)	https://m.media-amazon.com/images/I/61p6CM52wSL._AC_UL320_.jpg	6	386
